label_subject,label_vervar,label_var,label_turvar,label_tahun,nilai
Neraca Ekonomi,Sumatera Utara,[Seri 2000]Pertumbuhan Ekonomi Atas Dasar Harga Konstan 2000 Menurut Kabupaten/Kota,-,2001,3.72
Neraca Ekonomi,Sumatera Utara,[Seri 2000]Pertumbuhan Ekonomi Atas Dasar Harga Konstan 2000 Menurut Kabupaten/Kota,-,2002,4.07
Neraca Ekonomi,Sumatera Utara,[Seri 2000]Pertumbuhan Ekonomi Atas Dasar Harga Konstan 2000 Menurut Kabupaten/Kota,-,2003,4.42
Neraca Ekonomi,Sumatera Utara,[Seri 2000]Pertumbuhan Ekonomi Atas Dasar Harga Konstan 2000 Menurut Kabupaten/Kota,-,2004,5.74
Neraca Ekonomi,Sumatera Utara,[Seri 2000]Pertumbuhan Ekonomi Atas Dasar Harga Konstan 2000 Menurut Kabupaten/Kota,-,2005,5.48
Neraca Ekonomi,Sumatera Utara,[Seri 2000]Pertumbuhan Ekonomi Atas Dasar Harga Konstan 2000 Menurut Kabupaten/Kota,-,2006,6.2
Neraca Ekonomi,Sumatera Utara,[Seri 2000]Pertumbuhan Ekonomi Atas Dasar Harga Konstan 2000 Menurut Kabupaten/Kota,-,2007,6.9
Neraca Ekonomi,Sumatera Utara,[Seri 2000]Pertumbuhan Ekonomi Atas Dasar Harga Konstan 2000 Menurut Kabupaten/Kota,-,2008,6.39
Neraca Ekonomi,Sumatera Utara,[Seri 2000]Pertumbuhan Ekonomi Atas Dasar Harga Konstan 2000 Menurut Kabupaten/Kota,-,2009,5.07
Neraca Ekonomi,Sumatera Utara,[Seri 2000]Pertumbuhan Ekonomi Atas Dasar Harga Konstan 2000 Menurut Kabupaten/Kota,-,2010,6.42
Neraca Ekonomi,Nias,[Seri 2000]Pertumbuhan Ekonomi Atas Dasar Harga Konstan 2000 Menurut Kabupaten/Kota,-,2001,1.34
Neraca Ekonomi,Nias,[Seri 2000]Pertumbuhan Ekonomi Atas Dasar Harga Konstan 2000 Menurut Kabupaten/Kota,-,2002,4.1
Neraca Ekonomi,Nias,[Seri 2000]Pertumbuhan Ekonomi Atas Dasar Harga Konstan 2000 Menurut Kabupaten/Kota,-,2003,5.51
Neraca Ekonomi,Nias,[Seri 2000]Pertumbuhan Ekonomi Atas Dasar Harga Konstan 2000 Menurut Kabupaten/Kota,-,2004,5.13
Neraca Ekonomi,Nias,[Seri 2000]Pertumbuhan Ekonomi Atas Dasar Harga Konstan 2000 Menurut Kabupaten/Kota,-,2005,-3.33
Neraca Ekonomi,Nias,[Seri 2000]Pertumbuhan Ekonomi Atas Dasar Harga Konstan 2000 Menurut Kabupaten/Kota,-,2006,4.65
Neraca Ekonomi,Nias,[Seri 2000]Pertumbuhan Ekonomi Atas Dasar Harga Konstan 2000 Menurut Kabupaten/Kota,-,2007,6.74
Neraca Ekonomi,Nias,[Seri 2000]Pertumbuhan Ekonomi Atas Dasar Harga Konstan 2000 Menurut Kabupaten/Kota,-,2008,6.7
Neraca Ekonomi,Nias,[Seri 2000]Pertumbuhan Ekonomi Atas Dasar Harga Konstan 2000 Menurut Kabupaten/Kota,-,2009,6.04
Neraca Ekonomi,Nias,[Seri 2000]Pertumbuhan Ekonomi Atas Dasar Harga Konstan 2000 Menurut Kabupaten/Kota,-,2010,6.75
Neraca Ekonomi,Mandailing Natal,[Seri 2000]Pertumbuhan Ekonomi Atas Dasar Harga Konstan 2000 Menurut Kabupaten/Kota,-,2001,3.9
Neraca Ekonomi,Mandailing Natal,[Seri 2000]Pertumbuhan Ekonomi Atas Dasar Harga Konstan 2000 Menurut Kabupaten/Kota,-,2002,4.42
Neraca Ekonomi,Mandailing Natal,[Seri 2000]Pertumbuhan Ekonomi Atas Dasar Harga Konstan 2000 Menurut Kabupaten/Kota,-,2003,5.38
Neraca Ekonomi,Mandailing Natal,[Seri 2000]Pertumbuhan Ekonomi Atas Dasar Harga Konstan 2000 Menurut Kabupaten/Kota,-,2004,5.47
Neraca Ekonomi,Mandailing Natal,[Seri 2000]Pertumbuhan Ekonomi Atas Dasar Harga Konstan 2000 Menurut Kabupaten/Kota,-,2005,5.86
Neraca Ekonomi,Mandailing Natal,[Seri 2000]Pertumbuhan Ekonomi Atas Dasar Harga Konstan 2000 Menurut Kabupaten/Kota,-,2006,6.12
Neraca Ekonomi,Mandailing Natal,[Seri 2000]Pertumbuhan Ekonomi Atas Dasar Harga Konstan 2000 Menurut Kabupaten/Kota,-,2007,6.46
Neraca Ekonomi,Mandailing Natal,[Seri 2000]Pertumbuhan Ekonomi Atas Dasar Harga Konstan 2000 Menurut Kabupaten/Kota,-,2008,6.44
Neraca Ekonomi,Mandailing Natal,[Seri 2000]Pertumbuhan Ekonomi Atas Dasar Harga Konstan 2000 Menurut Kabupaten/Kota,-,2009,6.4
Neraca Ekonomi,Mandailing Natal,[Seri 2000]Pertumbuhan Ekonomi Atas Dasar Harga Konstan 2000 Menurut Kabupaten/Kota,-,2010,6.41
Neraca Ekonomi,Tapanuli Selatan,[Seri 2000]Pertumbuhan Ekonomi Atas Dasar Harga Konstan 2000 Menurut Kabupaten/Kota,-,2001,3.55
Neraca Ekonomi,Tapanuli Selatan,[Seri 2000]Pertumbuhan Ekonomi Atas Dasar Harga Konstan 2000 Menurut Kabupaten/Kota,-,2002,4.84
Neraca Ekonomi,Tapanuli Selatan,[Seri 2000]Pertumbuhan Ekonomi Atas Dasar Harga Konstan 2000 Menurut Kabupaten/Kota,-,2003,4.95
Neraca Ekonomi,Tapanuli Selatan,[Seri 2000]Pertumbuhan Ekonomi Atas Dasar Harga Konstan 2000 Menurut Kabupaten/Kota,-,2004,3.15
Neraca Ekonomi,Tapanuli Selatan,[Seri 2000]Pertumbuhan Ekonomi Atas Dasar Harga Konstan 2000 Menurut Kabupaten/Kota,-,2005,3.38
Neraca Ekonomi,Tapanuli Selatan,[Seri 2000]Pertumbuhan Ekonomi Atas Dasar Harga Konstan 2000 Menurut Kabupaten/Kota,-,2006,5.79
Neraca Ekonomi,Tapanuli Selatan,[Seri 2000]Pertumbuhan Ekonomi Atas Dasar Harga Konstan 2000 Menurut Kabupaten/Kota,-,2007,4.39
Neraca Ekonomi,Tapanuli Selatan,[Seri 2000]Pertumbuhan Ekonomi Atas Dasar Harga Konstan 2000 Menurut Kabupaten/Kota,-,2008,4.97
Neraca Ekonomi,Tapanuli Selatan,[Seri 2000]Pertumbuhan Ekonomi Atas Dasar Harga Konstan 2000 Menurut Kabupaten/Kota,-,2009,4.05
Neraca Ekonomi,Tapanuli Selatan,[Seri 2000]Pertumbuhan Ekonomi Atas Dasar Harga Konstan 2000 Menurut Kabupaten/Kota,-,2010,5.06
Neraca Ekonomi,Tapanuli Tengah,[Seri 2000]Pertumbuhan Ekonomi Atas Dasar Harga Konstan 2000 Menurut Kabupaten/Kota,-,2001,2.77
Neraca Ekonomi,Tapanuli Tengah,[Seri 2000]Pertumbuhan Ekonomi Atas Dasar Harga Konstan 2000 Menurut Kabupaten/Kota,-,2002,3.22
Neraca Ekonomi,Tapanuli Tengah,[Seri 2000]Pertumbuhan Ekonomi Atas Dasar Harga Konstan 2000 Menurut Kabupaten/Kota,-,2003,4.43
Neraca Ekonomi,Tapanuli Tengah,[Seri 2000]Pertumbuhan Ekonomi Atas Dasar Harga Konstan 2000 Menurut Kabupaten/Kota,-,2004,5.7
Neraca Ekonomi,Tapanuli Tengah,[Seri 2000]Pertumbuhan Ekonomi Atas Dasar Harga Konstan 2000 Menurut Kabupaten/Kota,-,2005,5.36
Neraca Ekonomi,Tapanuli Tengah,[Seri 2000]Pertumbuhan Ekonomi Atas Dasar Harga Konstan 2000 Menurut Kabupaten/Kota,-,2006,5.5
Neraca Ekonomi,Tapanuli Tengah,[Seri 2000]Pertumbuhan Ekonomi Atas Dasar Harga Konstan 2000 Menurut Kabupaten/Kota,-,2007,6.67
Neraca Ekonomi,Tapanuli Tengah,[Seri 2000]Pertumbuhan Ekonomi Atas Dasar Harga Konstan 2000 Menurut Kabupaten/Kota,-,2008,6.18
Neraca Ekonomi,Tapanuli Tengah,[Seri 2000]Pertumbuhan Ekonomi Atas Dasar Harga Konstan 2000 Menurut Kabupaten/Kota,-,2009,5.76
Neraca Ekonomi,Tapanuli Tengah,[Seri 2000]Pertumbuhan Ekonomi Atas Dasar Harga Konstan 2000 Menurut Kabupaten/Kota,-,2010,6.17
Neraca Ekonomi,Tapanuli Utara,[Seri 2000]Pertumbuhan Ekonomi Atas Dasar Harga Konstan 2000 Menurut Kabupaten/Kota,-,2001,4.33
Neraca Ekonomi,Tapanuli Utara,[Seri 2000]Pertumbuhan Ekonomi Atas Dasar Harga Konstan 2000 Menurut Kabupaten/Kota,-,2002,4.39
Neraca Ekonomi,Tapanuli Utara,[Seri 2000]Pertumbuhan Ekonomi Atas Dasar Harga Konstan 2000 Menurut Kabupaten/Kota,-,2003,4.34
Neraca Ekonomi,Tapanuli Utara,[Seri 2000]Pertumbuhan Ekonomi Atas Dasar Harga Konstan 2000 Menurut Kabupaten/Kota,-,2004,4.74
Neraca Ekonomi,Tapanuli Utara,[Seri 2000]Pertumbuhan Ekonomi Atas Dasar Harga Konstan 2000 Menurut Kabupaten/Kota,-,2005,5.04
Neraca Ekonomi,Tapanuli Utara,[Seri 2000]Pertumbuhan Ekonomi Atas Dasar Harga Konstan 2000 Menurut Kabupaten/Kota,-,2006,5.44
Neraca Ekonomi,Tapanuli Utara,[Seri 2000]Pertumbuhan Ekonomi Atas Dasar Harga Konstan 2000 Menurut Kabupaten/Kota,-,2007,6.03
Neraca Ekonomi,Tapanuli Utara,[Seri 2000]Pertumbuhan Ekonomi Atas Dasar Harga Konstan 2000 Menurut Kabupaten/Kota,-,2008,5.74
Neraca Ekonomi,Tapanuli Utara,[Seri 2000]Pertumbuhan Ekonomi Atas Dasar Harga Konstan 2000 Menurut Kabupaten/Kota,-,2009,4.98
Neraca Ekonomi,Tapanuli Utara,[Seri 2000]Pertumbuhan Ekonomi Atas Dasar Harga Konstan 2000 Menurut Kabupaten/Kota,-,2010,5.56
Neraca Ekonomi,Toba,[Seri 2000]Pertumbuhan Ekonomi Atas Dasar Harga Konstan 2000 Menurut Kabupaten/Kota,-,2001,5.12
Neraca Ekonomi,Toba,[Seri 2000]Pertumbuhan Ekonomi Atas Dasar Harga Konstan 2000 Menurut Kabupaten/Kota,-,2002,6.38
Neraca Ekonomi,Toba,[Seri 2000]Pertumbuhan Ekonomi Atas Dasar Harga Konstan 2000 Menurut Kabupaten/Kota,-,2003,6.54
Neraca Ekonomi,Toba,[Seri 2000]Pertumbuhan Ekonomi Atas Dasar Harga Konstan 2000 Menurut Kabupaten/Kota,-,2004,-16.04
Neraca Ekonomi,Toba,[Seri 2000]Pertumbuhan Ekonomi Atas Dasar Harga Konstan 2000 Menurut Kabupaten/Kota,-,2005,4.95
Neraca Ekonomi,Toba,[Seri 2000]Pertumbuhan Ekonomi Atas Dasar Harga Konstan 2000 Menurut Kabupaten/Kota,-,2006,5.14
Neraca Ekonomi,Toba,[Seri 2000]Pertumbuhan Ekonomi Atas Dasar Harga Konstan 2000 Menurut Kabupaten/Kota,-,2007,5.77
Neraca Ekonomi,Toba,[Seri 2000]Pertumbuhan Ekonomi Atas Dasar Harga Konstan 2000 Menurut Kabupaten/Kota,-,2008,5.61
Neraca Ekonomi,Toba,[Seri 2000]Pertumbuhan Ekonomi Atas Dasar Harga Konstan 2000 Menurut Kabupaten/Kota,-,2009,5.3
Neraca Ekonomi,Toba,[Seri 2000]Pertumbuhan Ekonomi Atas Dasar Harga Konstan 2000 Menurut Kabupaten/Kota,-,2010,5.5
Neraca Ekonomi,Labuhan Batu,[Seri 2000]Pertumbuhan Ekonomi Atas Dasar Harga Konstan 2000 Menurut Kabupaten/Kota,-,2001,5.97
Neraca Ekonomi,Labuhan Batu,[Seri 2000]Pertumbuhan Ekonomi Atas Dasar Harga Konstan 2000 Menurut Kabupaten/Kota,-,2002,5.59
Neraca Ekonomi,Labuhan Batu,[Seri 2000]Pertumbuhan Ekonomi Atas Dasar Harga Konstan 2000 Menurut Kabupaten/Kota,-,2003,4.74
Neraca Ekonomi,Labuhan Batu,[Seri 2000]Pertumbuhan Ekonomi Atas Dasar Harga Konstan 2000 Menurut Kabupaten/Kota,-,2004,3.8
Neraca Ekonomi,Labuhan Batu,[Seri 2000]Pertumbuhan Ekonomi Atas Dasar Harga Konstan 2000 Menurut Kabupaten/Kota,-,2005,4.14
Neraca Ekonomi,Labuhan Batu,[Seri 2000]Pertumbuhan Ekonomi Atas Dasar Harga Konstan 2000 Menurut Kabupaten/Kota,-,2006,5.33
Neraca Ekonomi,Labuhan Batu,[Seri 2000]Pertumbuhan Ekonomi Atas Dasar Harga Konstan 2000 Menurut Kabupaten/Kota,-,2007,6.71
Neraca Ekonomi,Labuhan Batu,[Seri 2000]Pertumbuhan Ekonomi Atas Dasar Harga Konstan 2000 Menurut Kabupaten/Kota,-,2008,5.84
Neraca Ekonomi,Labuhan Batu,[Seri 2000]Pertumbuhan Ekonomi Atas Dasar Harga Konstan 2000 Menurut Kabupaten/Kota,-,2009,4.88
Neraca Ekonomi,Labuhan Batu,[Seri 2000]Pertumbuhan Ekonomi Atas Dasar Harga Konstan 2000 Menurut Kabupaten/Kota,-,2010,5.15
Neraca Ekonomi,Asahan,[Seri 2000]Pertumbuhan Ekonomi Atas Dasar Harga Konstan 2000 Menurut Kabupaten/Kota,-,2001,5.25
Neraca Ekonomi,Asahan,[Seri 2000]Pertumbuhan Ekonomi Atas Dasar Harga Konstan 2000 Menurut Kabupaten/Kota,-,2002,5.51
Neraca Ekonomi,Asahan,[Seri 2000]Pertumbuhan Ekonomi Atas Dasar Harga Konstan 2000 Menurut Kabupaten/Kota,-,2003,5.75
Neraca Ekonomi,Asahan,[Seri 2000]Pertumbuhan Ekonomi Atas Dasar Harga Konstan 2000 Menurut Kabupaten/Kota,-,2004,4.94
Neraca Ekonomi,Asahan,[Seri 2000]Pertumbuhan Ekonomi Atas Dasar Harga Konstan 2000 Menurut Kabupaten/Kota,-,2005,2.63
Neraca Ekonomi,Asahan,[Seri 2000]Pertumbuhan Ekonomi Atas Dasar Harga Konstan 2000 Menurut Kabupaten/Kota,-,2006,4.17
Neraca Ekonomi,Asahan,[Seri 2000]Pertumbuhan Ekonomi Atas Dasar Harga Konstan 2000 Menurut Kabupaten/Kota,-,2007,4.89
Neraca Ekonomi,Asahan,[Seri 2000]Pertumbuhan Ekonomi Atas Dasar Harga Konstan 2000 Menurut Kabupaten/Kota,-,2008,5.02
Neraca Ekonomi,Asahan,[Seri 2000]Pertumbuhan Ekonomi Atas Dasar Harga Konstan 2000 Menurut Kabupaten/Kota,-,2009,4.67
Neraca Ekonomi,Asahan,[Seri 2000]Pertumbuhan Ekonomi Atas Dasar Harga Konstan 2000 Menurut Kabupaten/Kota,-,2010,4.97
Neraca Ekonomi,Simalungun,[Seri 2000]Pertumbuhan Ekonomi Atas Dasar Harga Konstan 2000 Menurut Kabupaten/Kota,-,2001,4.81
Neraca Ekonomi,Simalungun,[Seri 2000]Pertumbuhan Ekonomi Atas Dasar Harga Konstan 2000 Menurut Kabupaten/Kota,-,2002,4.4
Neraca Ekonomi,Simalungun,[Seri 2000]Pertumbuhan Ekonomi Atas Dasar Harga Konstan 2000 Menurut Kabupaten/Kota,-,2003,4.94
Neraca Ekonomi,Simalungun,[Seri 2000]Pertumbuhan Ekonomi Atas Dasar Harga Konstan 2000 Menurut Kabupaten/Kota,-,2004,2.72
Neraca Ekonomi,Simalungun,[Seri 2000]Pertumbuhan Ekonomi Atas Dasar Harga Konstan 2000 Menurut Kabupaten/Kota,-,2005,3.11
Neraca Ekonomi,Simalungun,[Seri 2000]Pertumbuhan Ekonomi Atas Dasar Harga Konstan 2000 Menurut Kabupaten/Kota,-,2006,4.76
Neraca Ekonomi,Simalungun,[Seri 2000]Pertumbuhan Ekonomi Atas Dasar Harga Konstan 2000 Menurut Kabupaten/Kota,-,2007,5.31
Neraca Ekonomi,Simalungun,[Seri 2000]Pertumbuhan Ekonomi Atas Dasar Harga Konstan 2000 Menurut Kabupaten/Kota,-,2008,4.69
Neraca Ekonomi,Simalungun,[Seri 2000]Pertumbuhan Ekonomi Atas Dasar Harga Konstan 2000 Menurut Kabupaten/Kota,-,2009,4.92
Neraca Ekonomi,Simalungun,[Seri 2000]Pertumbuhan Ekonomi Atas Dasar Harga Konstan 2000 Menurut Kabupaten/Kota,-,2010,5.12
Neraca Ekonomi,Dairi,[Seri 2000]Pertumbuhan Ekonomi Atas Dasar Harga Konstan 2000 Menurut Kabupaten/Kota,-,2001,5.47
Neraca Ekonomi,Dairi,[Seri 2000]Pertumbuhan Ekonomi Atas Dasar Harga Konstan 2000 Menurut Kabupaten/Kota,-,2002,5.51
Neraca Ekonomi,Dairi,[Seri 2000]Pertumbuhan Ekonomi Atas Dasar Harga Konstan 2000 Menurut Kabupaten/Kota,-,2003,5.09
Neraca Ekonomi,Dairi,[Seri 2000]Pertumbuhan Ekonomi Atas Dasar Harga Konstan 2000 Menurut Kabupaten/Kota,-,2004,5.83
Neraca Ekonomi,Dairi,[Seri 2000]Pertumbuhan Ekonomi Atas Dasar Harga Konstan 2000 Menurut Kabupaten/Kota,-,2005,5.34
Neraca Ekonomi,Dairi,[Seri 2000]Pertumbuhan Ekonomi Atas Dasar Harga Konstan 2000 Menurut Kabupaten/Kota,-,2006,4.28
Neraca Ekonomi,Dairi,[Seri 2000]Pertumbuhan Ekonomi Atas Dasar Harga Konstan 2000 Menurut Kabupaten/Kota,-,2007,5.03
Neraca Ekonomi,Dairi,[Seri 2000]Pertumbuhan Ekonomi Atas Dasar Harga Konstan 2000 Menurut Kabupaten/Kota,-,2008,4.52
Neraca Ekonomi,Dairi,[Seri 2000]Pertumbuhan Ekonomi Atas Dasar Harga Konstan 2000 Menurut Kabupaten/Kota,-,2009,4.72
Neraca Ekonomi,Dairi,[Seri 2000]Pertumbuhan Ekonomi Atas Dasar Harga Konstan 2000 Menurut Kabupaten/Kota,-,2010,5.02
Neraca Ekonomi,Karo,[Seri 2000]Pertumbuhan Ekonomi Atas Dasar Harga Konstan 2000 Menurut Kabupaten/Kota,-,2001,4.06
Neraca Ekonomi,Karo,[Seri 2000]Pertumbuhan Ekonomi Atas Dasar Harga Konstan 2000 Menurut Kabupaten/Kota,-,2002,4.91
Neraca Ekonomi,Karo,[Seri 2000]Pertumbuhan Ekonomi Atas Dasar Harga Konstan 2000 Menurut Kabupaten/Kota,-,2003,5.66
Neraca Ekonomi,Karo,[Seri 2000]Pertumbuhan Ekonomi Atas Dasar Harga Konstan 2000 Menurut Kabupaten/Kota,-,2004,3.32
Neraca Ekonomi,Karo,[Seri 2000]Pertumbuhan Ekonomi Atas Dasar Harga Konstan 2000 Menurut Kabupaten/Kota,-,2005,4.7
Neraca Ekonomi,Karo,[Seri 2000]Pertumbuhan Ekonomi Atas Dasar Harga Konstan 2000 Menurut Kabupaten/Kota,-,2006,4.96
Neraca Ekonomi,Karo,[Seri 2000]Pertumbuhan Ekonomi Atas Dasar Harga Konstan 2000 Menurut Kabupaten/Kota,-,2007,5.13
Neraca Ekonomi,Karo,[Seri 2000]Pertumbuhan Ekonomi Atas Dasar Harga Konstan 2000 Menurut Kabupaten/Kota,-,2008,5.21
Neraca Ekonomi,Karo,[Seri 2000]Pertumbuhan Ekonomi Atas Dasar Harga Konstan 2000 Menurut Kabupaten/Kota,-,2009,5.17
Neraca Ekonomi,Karo,[Seri 2000]Pertumbuhan Ekonomi Atas Dasar Harga Konstan 2000 Menurut Kabupaten/Kota,-,2010,6.03
Neraca Ekonomi,Deli Serdang,[Seri 2000]Pertumbuhan Ekonomi Atas Dasar Harga Konstan 2000 Menurut Kabupaten/Kota,-,2001,4.08
Neraca Ekonomi,Deli Serdang,[Seri 2000]Pertumbuhan Ekonomi Atas Dasar Harga Konstan 2000 Menurut Kabupaten/Kota,-,2002,3.6
Neraca Ekonomi,Deli Serdang,[Seri 2000]Pertumbuhan Ekonomi Atas Dasar Harga Konstan 2000 Menurut Kabupaten/Kota,-,2003,4.79
Neraca Ekonomi,Deli Serdang,[Seri 2000]Pertumbuhan Ekonomi Atas Dasar Harga Konstan 2000 Menurut Kabupaten/Kota,-,2004,4.08
Neraca Ekonomi,Deli Serdang,[Seri 2000]Pertumbuhan Ekonomi Atas Dasar Harga Konstan 2000 Menurut Kabupaten/Kota,-,2005,4.97
Neraca Ekonomi,Deli Serdang,[Seri 2000]Pertumbuhan Ekonomi Atas Dasar Harga Konstan 2000 Menurut Kabupaten/Kota,-,2006,5.45
Neraca Ekonomi,Deli Serdang,[Seri 2000]Pertumbuhan Ekonomi Atas Dasar Harga Konstan 2000 Menurut Kabupaten/Kota,-,2007,5.74
Neraca Ekonomi,Deli Serdang,[Seri 2000]Pertumbuhan Ekonomi Atas Dasar Harga Konstan 2000 Menurut Kabupaten/Kota,-,2008,5.95
Neraca Ekonomi,Deli Serdang,[Seri 2000]Pertumbuhan Ekonomi Atas Dasar Harga Konstan 2000 Menurut Kabupaten/Kota,-,2009,5.42
Neraca Ekonomi,Deli Serdang,[Seri 2000]Pertumbuhan Ekonomi Atas Dasar Harga Konstan 2000 Menurut Kabupaten/Kota,-,2010,5.98
Neraca Ekonomi,Langkat,[Seri 2000]Pertumbuhan Ekonomi Atas Dasar Harga Konstan 2000 Menurut Kabupaten/Kota,-,2001,1.35
Neraca Ekonomi,Langkat,[Seri 2000]Pertumbuhan Ekonomi Atas Dasar Harga Konstan 2000 Menurut Kabupaten/Kota,-,2002,3.02
Neraca Ekonomi,Langkat,[Seri 2000]Pertumbuhan Ekonomi Atas Dasar Harga Konstan 2000 Menurut Kabupaten/Kota,-,2003,3.26
Neraca Ekonomi,Langkat,[Seri 2000]Pertumbuhan Ekonomi Atas Dasar Harga Konstan 2000 Menurut Kabupaten/Kota,-,2004,1.01
Neraca Ekonomi,Langkat,[Seri 2000]Pertumbuhan Ekonomi Atas Dasar Harga Konstan 2000 Menurut Kabupaten/Kota,-,2005,3.14
Neraca Ekonomi,Langkat,[Seri 2000]Pertumbuhan Ekonomi Atas Dasar Harga Konstan 2000 Menurut Kabupaten/Kota,-,2006,2.88
Neraca Ekonomi,Langkat,[Seri 2000]Pertumbuhan Ekonomi Atas Dasar Harga Konstan 2000 Menurut Kabupaten/Kota,-,2007,4.91
Neraca Ekonomi,Langkat,[Seri 2000]Pertumbuhan Ekonomi Atas Dasar Harga Konstan 2000 Menurut Kabupaten/Kota,-,2008,5.08
Neraca Ekonomi,Langkat,[Seri 2000]Pertumbuhan Ekonomi Atas Dasar Harga Konstan 2000 Menurut Kabupaten/Kota,-,2009,5.04
Neraca Ekonomi,Langkat,[Seri 2000]Pertumbuhan Ekonomi Atas Dasar Harga Konstan 2000 Menurut Kabupaten/Kota,-,2010,5.74
Neraca Ekonomi,Nias Selatan,[Seri 2000]Pertumbuhan Ekonomi Atas Dasar Harga Konstan 2000 Menurut Kabupaten/Kota,-,2003,4.72
Neraca Ekonomi,Nias Selatan,[Seri 2000]Pertumbuhan Ekonomi Atas Dasar Harga Konstan 2000 Menurut Kabupaten/Kota,-,2004,7.16
Neraca Ekonomi,Nias Selatan,[Seri 2000]Pertumbuhan Ekonomi Atas Dasar Harga Konstan 2000 Menurut Kabupaten/Kota,-,2005,-2.12
Neraca Ekonomi,Nias Selatan,[Seri 2000]Pertumbuhan Ekonomi Atas Dasar Harga Konstan 2000 Menurut Kabupaten/Kota,-,2006,3.99
Neraca Ekonomi,Nias Selatan,[Seri 2000]Pertumbuhan Ekonomi Atas Dasar Harga Konstan 2000 Menurut Kabupaten/Kota,-,2007,4.83
Neraca Ekonomi,Nias Selatan,[Seri 2000]Pertumbuhan Ekonomi Atas Dasar Harga Konstan 2000 Menurut Kabupaten/Kota,-,2008,4.77
Neraca Ekonomi,Nias Selatan,[Seri 2000]Pertumbuhan Ekonomi Atas Dasar Harga Konstan 2000 Menurut Kabupaten/Kota,-,2009,4.08
Neraca Ekonomi,Nias Selatan,[Seri 2000]Pertumbuhan Ekonomi Atas Dasar Harga Konstan 2000 Menurut Kabupaten/Kota,-,2010,4.12
Neraca Ekonomi,Humbang Hasundutan,[Seri 2000]Pertumbuhan Ekonomi Atas Dasar Harga Konstan 2000 Menurut Kabupaten/Kota,-,2003,4.72
Neraca Ekonomi,Humbang Hasundutan,[Seri 2000]Pertumbuhan Ekonomi Atas Dasar Harga Konstan 2000 Menurut Kabupaten/Kota,-,2004,5.71
Neraca Ekonomi,Humbang Hasundutan,[Seri 2000]Pertumbuhan Ekonomi Atas Dasar Harga Konstan 2000 Menurut Kabupaten/Kota,-,2005,5.65
Neraca Ekonomi,Humbang Hasundutan,[Seri 2000]Pertumbuhan Ekonomi Atas Dasar Harga Konstan 2000 Menurut Kabupaten/Kota,-,2006,5.77
Neraca Ekonomi,Humbang Hasundutan,[Seri 2000]Pertumbuhan Ekonomi Atas Dasar Harga Konstan 2000 Menurut Kabupaten/Kota,-,2007,6.05
Neraca Ekonomi,Humbang Hasundutan,[Seri 2000]Pertumbuhan Ekonomi Atas Dasar Harga Konstan 2000 Menurut Kabupaten/Kota,-,2008,5.84
Neraca Ekonomi,Humbang Hasundutan,[Seri 2000]Pertumbuhan Ekonomi Atas Dasar Harga Konstan 2000 Menurut Kabupaten/Kota,-,2009,5.32
Neraca Ekonomi,Humbang Hasundutan,[Seri 2000]Pertumbuhan Ekonomi Atas Dasar Harga Konstan 2000 Menurut Kabupaten/Kota,-,2010,5.45
Neraca Ekonomi,Pakpak Bharat,[Seri 2000]Pertumbuhan Ekonomi Atas Dasar Harga Konstan 2000 Menurut Kabupaten/Kota,-,2003,6.04
Neraca Ekonomi,Pakpak Bharat,[Seri 2000]Pertumbuhan Ekonomi Atas Dasar Harga Konstan 2000 Menurut Kabupaten/Kota,-,2004,6.66
Neraca Ekonomi,Pakpak Bharat,[Seri 2000]Pertumbuhan Ekonomi Atas Dasar Harga Konstan 2000 Menurut Kabupaten/Kota,-,2005,5.92
Neraca Ekonomi,Pakpak Bharat,[Seri 2000]Pertumbuhan Ekonomi Atas Dasar Harga Konstan 2000 Menurut Kabupaten/Kota,-,2006,5.66
Neraca Ekonomi,Pakpak Bharat,[Seri 2000]Pertumbuhan Ekonomi Atas Dasar Harga Konstan 2000 Menurut Kabupaten/Kota,-,2007,5.79
Neraca Ekonomi,Pakpak Bharat,[Seri 2000]Pertumbuhan Ekonomi Atas Dasar Harga Konstan 2000 Menurut Kabupaten/Kota,-,2008,5.87
Neraca Ekonomi,Pakpak Bharat,[Seri 2000]Pertumbuhan Ekonomi Atas Dasar Harga Konstan 2000 Menurut Kabupaten/Kota,-,2009,5.83
Neraca Ekonomi,Pakpak Bharat,[Seri 2000]Pertumbuhan Ekonomi Atas Dasar Harga Konstan 2000 Menurut Kabupaten/Kota,-,2010,6.77
Neraca Ekonomi,Samosir,[Seri 2000]Pertumbuhan Ekonomi Atas Dasar Harga Konstan 2000 Menurut Kabupaten/Kota,-,2004,6.57
Neraca Ekonomi,Samosir,[Seri 2000]Pertumbuhan Ekonomi Atas Dasar Harga Konstan 2000 Menurut Kabupaten/Kota,-,2005,3.42
Neraca Ekonomi,Samosir,[Seri 2000]Pertumbuhan Ekonomi Atas Dasar Harga Konstan 2000 Menurut Kabupaten/Kota,-,2006,3.64
Neraca Ekonomi,Samosir,[Seri 2000]Pertumbuhan Ekonomi Atas Dasar Harga Konstan 2000 Menurut Kabupaten/Kota,-,2007,4.59
Neraca Ekonomi,Samosir,[Seri 2000]Pertumbuhan Ekonomi Atas Dasar Harga Konstan 2000 Menurut Kabupaten/Kota,-,2008,5
Neraca Ekonomi,Samosir,[Seri 2000]Pertumbuhan Ekonomi Atas Dasar Harga Konstan 2000 Menurut Kabupaten/Kota,-,2009,5.1
Neraca Ekonomi,Samosir,[Seri 2000]Pertumbuhan Ekonomi Atas Dasar Harga Konstan 2000 Menurut Kabupaten/Kota,-,2010,5.59
Neraca Ekonomi,Serdang Bedagai,[Seri 2000]Pertumbuhan Ekonomi Atas Dasar Harga Konstan 2000 Menurut Kabupaten/Kota,-,2004,6.05
Neraca Ekonomi,Serdang Bedagai,[Seri 2000]Pertumbuhan Ekonomi Atas Dasar Harga Konstan 2000 Menurut Kabupaten/Kota,-,2005,5.91
Neraca Ekonomi,Serdang Bedagai,[Seri 2000]Pertumbuhan Ekonomi Atas Dasar Harga Konstan 2000 Menurut Kabupaten/Kota,-,2006,6.22
Neraca Ekonomi,Serdang Bedagai,[Seri 2000]Pertumbuhan Ekonomi Atas Dasar Harga Konstan 2000 Menurut Kabupaten/Kota,-,2007,6.25
Neraca Ekonomi,Serdang Bedagai,[Seri 2000]Pertumbuhan Ekonomi Atas Dasar Harga Konstan 2000 Menurut Kabupaten/Kota,-,2008,6.12
Neraca Ekonomi,Serdang Bedagai,[Seri 2000]Pertumbuhan Ekonomi Atas Dasar Harga Konstan 2000 Menurut Kabupaten/Kota,-,2009,5.92
Neraca Ekonomi,Serdang Bedagai,[Seri 2000]Pertumbuhan Ekonomi Atas Dasar Harga Konstan 2000 Menurut Kabupaten/Kota,-,2010,6.14
Neraca Ekonomi,Batu Bara,[Seri 2000]Pertumbuhan Ekonomi Atas Dasar Harga Konstan 2000 Menurut Kabupaten/Kota,-,2007,4.01
Neraca Ekonomi,Batu Bara,[Seri 2000]Pertumbuhan Ekonomi Atas Dasar Harga Konstan 2000 Menurut Kabupaten/Kota,-,2008,4.47
Neraca Ekonomi,Batu Bara,[Seri 2000]Pertumbuhan Ekonomi Atas Dasar Harga Konstan 2000 Menurut Kabupaten/Kota,-,2009,4.3
Neraca Ekonomi,Batu Bara,[Seri 2000]Pertumbuhan Ekonomi Atas Dasar Harga Konstan 2000 Menurut Kabupaten/Kota,-,2010,4.65
Neraca Ekonomi,Padang Lawas Utara,[Seri 2000]Pertumbuhan Ekonomi Atas Dasar Harga Konstan 2000 Menurut Kabupaten/Kota,-,2008,4.95
Neraca Ekonomi,Padang Lawas Utara,[Seri 2000]Pertumbuhan Ekonomi Atas Dasar Harga Konstan 2000 Menurut Kabupaten/Kota,-,2009,5.14
Neraca Ekonomi,Padang Lawas Utara,[Seri 2000]Pertumbuhan Ekonomi Atas Dasar Harga Konstan 2000 Menurut Kabupaten/Kota,-,2010,6.74
Neraca Ekonomi,Padang Lawas,[Seri 2000]Pertumbuhan Ekonomi Atas Dasar Harga Konstan 2000 Menurut Kabupaten/Kota,-,2008,4.79
Neraca Ekonomi,Padang Lawas,[Seri 2000]Pertumbuhan Ekonomi Atas Dasar Harga Konstan 2000 Menurut Kabupaten/Kota,-,2009,5.72
Neraca Ekonomi,Padang Lawas,[Seri 2000]Pertumbuhan Ekonomi Atas Dasar Harga Konstan 2000 Menurut Kabupaten/Kota,-,2010,5.56
Neraca Ekonomi,Labuhanbatu Selatan,[Seri 2000]Pertumbuhan Ekonomi Atas Dasar Harga Konstan 2000 Menurut Kabupaten/Kota,-,2009,4.94
Neraca Ekonomi,Labuhanbatu Selatan,[Seri 2000]Pertumbuhan Ekonomi Atas Dasar Harga Konstan 2000 Menurut Kabupaten/Kota,-,2010,5.61
Neraca Ekonomi,Labuanbatu Utara,[Seri 2000]Pertumbuhan Ekonomi Atas Dasar Harga Konstan 2000 Menurut Kabupaten/Kota,-,2009,5.29
Neraca Ekonomi,Labuanbatu Utara,[Seri 2000]Pertumbuhan Ekonomi Atas Dasar Harga Konstan 2000 Menurut Kabupaten/Kota,-,2010,5.68
Neraca Ekonomi,Nias Utara,[Seri 2000]Pertumbuhan Ekonomi Atas Dasar Harga Konstan 2000 Menurut Kabupaten/Kota,-,2009,6.69
Neraca Ekonomi,Nias Utara,[Seri 2000]Pertumbuhan Ekonomi Atas Dasar Harga Konstan 2000 Menurut Kabupaten/Kota,-,2010,6.73
Neraca Ekonomi,Nias Barat,[Seri 2000]Pertumbuhan Ekonomi Atas Dasar Harga Konstan 2000 Menurut Kabupaten/Kota,-,2009,5.92
Neraca Ekonomi,Nias Barat,[Seri 2000]Pertumbuhan Ekonomi Atas Dasar Harga Konstan 2000 Menurut Kabupaten/Kota,-,2010,6.3
Neraca Ekonomi,Sibolga,[Seri 2000]Pertumbuhan Ekonomi Atas Dasar Harga Konstan 2000 Menurut Kabupaten/Kota,-,2001,6.02
Neraca Ekonomi,Sibolga,[Seri 2000]Pertumbuhan Ekonomi Atas Dasar Harga Konstan 2000 Menurut Kabupaten/Kota,-,2002,4.91
Neraca Ekonomi,Sibolga,[Seri 2000]Pertumbuhan Ekonomi Atas Dasar Harga Konstan 2000 Menurut Kabupaten/Kota,-,2003,5.72
Neraca Ekonomi,Sibolga,[Seri 2000]Pertumbuhan Ekonomi Atas Dasar Harga Konstan 2000 Menurut Kabupaten/Kota,-,2004,4.76
Neraca Ekonomi,Sibolga,[Seri 2000]Pertumbuhan Ekonomi Atas Dasar Harga Konstan 2000 Menurut Kabupaten/Kota,-,2005,4.01
Neraca Ekonomi,Sibolga,[Seri 2000]Pertumbuhan Ekonomi Atas Dasar Harga Konstan 2000 Menurut Kabupaten/Kota,-,2006,5.22
Neraca Ekonomi,Sibolga,[Seri 2000]Pertumbuhan Ekonomi Atas Dasar Harga Konstan 2000 Menurut Kabupaten/Kota,-,2007,5.53
Neraca Ekonomi,Sibolga,[Seri 2000]Pertumbuhan Ekonomi Atas Dasar Harga Konstan 2000 Menurut Kabupaten/Kota,-,2008,5.85
Neraca Ekonomi,Sibolga,[Seri 2000]Pertumbuhan Ekonomi Atas Dasar Harga Konstan 2000 Menurut Kabupaten/Kota,-,2009,5.7
Neraca Ekonomi,Sibolga,[Seri 2000]Pertumbuhan Ekonomi Atas Dasar Harga Konstan 2000 Menurut Kabupaten/Kota,-,2010,6.04
Neraca Ekonomi,Tanjungbalai,[Seri 2000]Pertumbuhan Ekonomi Atas Dasar Harga Konstan 2000 Menurut Kabupaten/Kota,-,2001,5.58
Neraca Ekonomi,Tanjungbalai,[Seri 2000]Pertumbuhan Ekonomi Atas Dasar Harga Konstan 2000 Menurut Kabupaten/Kota,-,2002,5.61
Neraca Ekonomi,Tanjungbalai,[Seri 2000]Pertumbuhan Ekonomi Atas Dasar Harga Konstan 2000 Menurut Kabupaten/Kota,-,2003,5.81
Neraca Ekonomi,Tanjungbalai,[Seri 2000]Pertumbuhan Ekonomi Atas Dasar Harga Konstan 2000 Menurut Kabupaten/Kota,-,2004,5.95
Neraca Ekonomi,Tanjungbalai,[Seri 2000]Pertumbuhan Ekonomi Atas Dasar Harga Konstan 2000 Menurut Kabupaten/Kota,-,2005,4.11
Neraca Ekonomi,Tanjungbalai,[Seri 2000]Pertumbuhan Ekonomi Atas Dasar Harga Konstan 2000 Menurut Kabupaten/Kota,-,2006,3.54
Neraca Ekonomi,Tanjungbalai,[Seri 2000]Pertumbuhan Ekonomi Atas Dasar Harga Konstan 2000 Menurut Kabupaten/Kota,-,2007,4.01
Neraca Ekonomi,Tanjungbalai,[Seri 2000]Pertumbuhan Ekonomi Atas Dasar Harga Konstan 2000 Menurut Kabupaten/Kota,-,2008,3.99
Neraca Ekonomi,Tanjungbalai,[Seri 2000]Pertumbuhan Ekonomi Atas Dasar Harga Konstan 2000 Menurut Kabupaten/Kota,-,2009,4.31
Neraca Ekonomi,Tanjungbalai,[Seri 2000]Pertumbuhan Ekonomi Atas Dasar Harga Konstan 2000 Menurut Kabupaten/Kota,-,2010,4.77
Neraca Ekonomi,Pematangsiantar,[Seri 2000]Pertumbuhan Ekonomi Atas Dasar Harga Konstan 2000 Menurut Kabupaten/Kota,-,2001,6.62
Neraca Ekonomi,Pematangsiantar,[Seri 2000]Pertumbuhan Ekonomi Atas Dasar Harga Konstan 2000 Menurut Kabupaten/Kota,-,2002,6.66
Neraca Ekonomi,Pematangsiantar,[Seri 2000]Pertumbuhan Ekonomi Atas Dasar Harga Konstan 2000 Menurut Kabupaten/Kota,-,2003,5.82
Neraca Ekonomi,Pematangsiantar,[Seri 2000]Pertumbuhan Ekonomi Atas Dasar Harga Konstan 2000 Menurut Kabupaten/Kota,-,2004,3.83
Neraca Ekonomi,Pematangsiantar,[Seri 2000]Pertumbuhan Ekonomi Atas Dasar Harga Konstan 2000 Menurut Kabupaten/Kota,-,2005,5.77
Neraca Ekonomi,Pematangsiantar,[Seri 2000]Pertumbuhan Ekonomi Atas Dasar Harga Konstan 2000 Menurut Kabupaten/Kota,-,2006,5.96
Neraca Ekonomi,Pematangsiantar,[Seri 2000]Pertumbuhan Ekonomi Atas Dasar Harga Konstan 2000 Menurut Kabupaten/Kota,-,2007,5.12
Neraca Ekonomi,Pematangsiantar,[Seri 2000]Pertumbuhan Ekonomi Atas Dasar Harga Konstan 2000 Menurut Kabupaten/Kota,-,2008,5.72
Neraca Ekonomi,Pematangsiantar,[Seri 2000]Pertumbuhan Ekonomi Atas Dasar Harga Konstan 2000 Menurut Kabupaten/Kota,-,2009,5.36
Neraca Ekonomi,Pematangsiantar,[Seri 2000]Pertumbuhan Ekonomi Atas Dasar Harga Konstan 2000 Menurut Kabupaten/Kota,-,2010,5.85
Neraca Ekonomi,Tebing Tinggi,[Seri 2000]Pertumbuhan Ekonomi Atas Dasar Harga Konstan 2000 Menurut Kabupaten/Kota,-,2001,3.47
Neraca Ekonomi,Tebing Tinggi,[Seri 2000]Pertumbuhan Ekonomi Atas Dasar Harga Konstan 2000 Menurut Kabupaten/Kota,-,2002,3.88
Neraca Ekonomi,Tebing Tinggi,[Seri 2000]Pertumbuhan Ekonomi Atas Dasar Harga Konstan 2000 Menurut Kabupaten/Kota,-,2003,4.17
Neraca Ekonomi,Tebing Tinggi,[Seri 2000]Pertumbuhan Ekonomi Atas Dasar Harga Konstan 2000 Menurut Kabupaten/Kota,-,2004,5.53
Neraca Ekonomi,Tebing Tinggi,[Seri 2000]Pertumbuhan Ekonomi Atas Dasar Harga Konstan 2000 Menurut Kabupaten/Kota,-,2005,4.39
Neraca Ekonomi,Tebing Tinggi,[Seri 2000]Pertumbuhan Ekonomi Atas Dasar Harga Konstan 2000 Menurut Kabupaten/Kota,-,2006,5.33
Neraca Ekonomi,Tebing Tinggi,[Seri 2000]Pertumbuhan Ekonomi Atas Dasar Harga Konstan 2000 Menurut Kabupaten/Kota,-,2007,5.98
Neraca Ekonomi,Tebing Tinggi,[Seri 2000]Pertumbuhan Ekonomi Atas Dasar Harga Konstan 2000 Menurut Kabupaten/Kota,-,2008,6.04
Neraca Ekonomi,Tebing Tinggi,[Seri 2000]Pertumbuhan Ekonomi Atas Dasar Harga Konstan 2000 Menurut Kabupaten/Kota,-,2009,5.95
Neraca Ekonomi,Tebing Tinggi,[Seri 2000]Pertumbuhan Ekonomi Atas Dasar Harga Konstan 2000 Menurut Kabupaten/Kota,-,2010,6.04
Neraca Ekonomi,Medan,[Seri 2000]Pertumbuhan Ekonomi Atas Dasar Harga Konstan 2000 Menurut Kabupaten/Kota,-,2001,5.22
Neraca Ekonomi,Medan,[Seri 2000]Pertumbuhan Ekonomi Atas Dasar Harga Konstan 2000 Menurut Kabupaten/Kota,-,2002,4.5
Neraca Ekonomi,Medan,[Seri 2000]Pertumbuhan Ekonomi Atas Dasar Harga Konstan 2000 Menurut Kabupaten/Kota,-,2003,5.32
Neraca Ekonomi,Medan,[Seri 2000]Pertumbuhan Ekonomi Atas Dasar Harga Konstan 2000 Menurut Kabupaten/Kota,-,2004,7.29
Neraca Ekonomi,Medan,[Seri 2000]Pertumbuhan Ekonomi Atas Dasar Harga Konstan 2000 Menurut Kabupaten/Kota,-,2005,6.98
Neraca Ekonomi,Medan,[Seri 2000]Pertumbuhan Ekonomi Atas Dasar Harga Konstan 2000 Menurut Kabupaten/Kota,-,2006,7.76
Neraca Ekonomi,Medan,[Seri 2000]Pertumbuhan Ekonomi Atas Dasar Harga Konstan 2000 Menurut Kabupaten/Kota,-,2007,7.78
Neraca Ekonomi,Medan,[Seri 2000]Pertumbuhan Ekonomi Atas Dasar Harga Konstan 2000 Menurut Kabupaten/Kota,-,2008,6.89
Neraca Ekonomi,Medan,[Seri 2000]Pertumbuhan Ekonomi Atas Dasar Harga Konstan 2000 Menurut Kabupaten/Kota,-,2009,6.55
Neraca Ekonomi,Medan,[Seri 2000]Pertumbuhan Ekonomi Atas Dasar Harga Konstan 2000 Menurut Kabupaten/Kota,-,2010,7.16
Neraca Ekonomi,Binjai,[Seri 2000]Pertumbuhan Ekonomi Atas Dasar Harga Konstan 2000 Menurut Kabupaten/Kota,-,2001,2.97
Neraca Ekonomi,Binjai,[Seri 2000]Pertumbuhan Ekonomi Atas Dasar Harga Konstan 2000 Menurut Kabupaten/Kota,-,2002,6.35
Neraca Ekonomi,Binjai,[Seri 2000]Pertumbuhan Ekonomi Atas Dasar Harga Konstan 2000 Menurut Kabupaten/Kota,-,2003,6.33
Neraca Ekonomi,Binjai,[Seri 2000]Pertumbuhan Ekonomi Atas Dasar Harga Konstan 2000 Menurut Kabupaten/Kota,-,2004,8.17
Neraca Ekonomi,Binjai,[Seri 2000]Pertumbuhan Ekonomi Atas Dasar Harga Konstan 2000 Menurut Kabupaten/Kota,-,2005,5.28
Neraca Ekonomi,Binjai,[Seri 2000]Pertumbuhan Ekonomi Atas Dasar Harga Konstan 2000 Menurut Kabupaten/Kota,-,2006,5.32
Neraca Ekonomi,Binjai,[Seri 2000]Pertumbuhan Ekonomi Atas Dasar Harga Konstan 2000 Menurut Kabupaten/Kota,-,2007,5.68
Neraca Ekonomi,Binjai,[Seri 2000]Pertumbuhan Ekonomi Atas Dasar Harga Konstan 2000 Menurut Kabupaten/Kota,-,2008,5.54
Neraca Ekonomi,Binjai,[Seri 2000]Pertumbuhan Ekonomi Atas Dasar Harga Konstan 2000 Menurut Kabupaten/Kota,-,2009,5.87
Neraca Ekonomi,Binjai,[Seri 2000]Pertumbuhan Ekonomi Atas Dasar Harga Konstan 2000 Menurut Kabupaten/Kota,-,2010,6.07
Neraca Ekonomi,Padangsidimpuan,[Seri 2000]Pertumbuhan Ekonomi Atas Dasar Harga Konstan 2000 Menurut Kabupaten/Kota,-,2003,3.53
Neraca Ekonomi,Padangsidimpuan,[Seri 2000]Pertumbuhan Ekonomi Atas Dasar Harga Konstan 2000 Menurut Kabupaten/Kota,-,2004,4.63
Neraca Ekonomi,Padangsidimpuan,[Seri 2000]Pertumbuhan Ekonomi Atas Dasar Harga Konstan 2000 Menurut Kabupaten/Kota,-,2005,4.91
Neraca Ekonomi,Padangsidimpuan,[Seri 2000]Pertumbuhan Ekonomi Atas Dasar Harga Konstan 2000 Menurut Kabupaten/Kota,-,2006,5.49
Neraca Ekonomi,Padangsidimpuan,[Seri 2000]Pertumbuhan Ekonomi Atas Dasar Harga Konstan 2000 Menurut Kabupaten/Kota,-,2007,6.18
Neraca Ekonomi,Padangsidimpuan,[Seri 2000]Pertumbuhan Ekonomi Atas Dasar Harga Konstan 2000 Menurut Kabupaten/Kota,-,2008,6.09
Neraca Ekonomi,Padangsidimpuan,[Seri 2000]Pertumbuhan Ekonomi Atas Dasar Harga Konstan 2000 Menurut Kabupaten/Kota,-,2009,5.87
Neraca Ekonomi,Padangsidimpuan,[Seri 2000]Pertumbuhan Ekonomi Atas Dasar Harga Konstan 2000 Menurut Kabupaten/Kota,-,2010,5.81
Neraca Ekonomi,Gunungsitoli,[Seri 2000]Pertumbuhan Ekonomi Atas Dasar Harga Konstan 2000 Menurut Kabupaten/Kota,-,2009,7.45
Neraca Ekonomi,Gunungsitoli,[Seri 2000]Pertumbuhan Ekonomi Atas Dasar Harga Konstan 2000 Menurut Kabupaten/Kota,-,2010,6.14
